{
  "version": "2.3.0",
  "visualisation": {
    "nodes": [
      {
        "id": "n:1",
        "position": {
          "x": 0,
          "y": 0
        }
      }
    ]
  },
  "dataModel": {
    "version": "2.3.0",
    "graphSchemaRepresentation": {
      "version": "1.0.0",
      "graphSchema": {
        "nodeLabels": [
          {
            "$id": "nl:1",
            "token": "Movie",
            "properties": [
              {
                "$id": "p:10",
                "token": "movieId",
                "type": {
                  "type": "integer"
                },
                "nullable": true
              },
              {
                "$id": "p:11",
                "token": "title",
                "type": {
                  "type": "string"
                },
                "nullable": true
              },
              {
                "$id": "p:12",
                "token": "budget",
                "type": {
                  "type": "float"
                },
                "nullable": true
              },
              {
                "$id": "p:13",
                "token": "countries",
                "type": {
                  "type": "string"
                },
                "nullable": true
              },
              {
                "$id": "p:14",
                "token": "imdbId",
                "type": {
                  "type": "integer"
                },
                "nullable": true
              },
              {
                "$id": "p:15",
                "token": "imdbRating",
                "type": {
                  "type": "float"
                },
                "nullable": true
              },
              {
                "$id": "p:16",
                "token": "imdbVotes",
                "type": {
                  "type": "integer"
                },
                "nullable": true
              },
              {
                "$id": "p:17",
                "token": "languages",
                "type": {
                  "type": "string"
                },
                "nullable": true
              },
              {
                "$id": "p:18",
                "token": "plot",
                "type": {
                  "type": "string"
                },
                "nullable": true
              },
              {
                "$id": "p:19",
                "token": "poster",
                "type": {
                  "type": "string"
                },
                "nullable": true
              },
              {
                "$id": "p:20",
                "token": "released",
                "type": {
                  "type": "datetime"
                },
                "nullable": true
              },
              {
                "$id": "p:21",
                "token": "revenue",
                "type": {
                  "type": "float"
                },
                "nullable": true
              },
              {
                "$id": "p:22",
                "token": "runtime",
                "type": {
                  "type": "integer"
                },
                "nullable": true
              },
              {
                "$id": "p:23",
                "token": "tmdbId",
                "type": {
                  "type": "integer"
                },
                "nullable": true
              },
              {
                "$id": "p:24",
                "token": "url",
                "type": {
                  "type": "string"
                },
                "nullable": true
              },
              {
                "$id": "p:25",
                "token": "year",
                "type": {
                  "type": "integer"
                },
                "nullable": true
              },
              {
                "$id": "p:26",
                "token": "genres",
                "type": {
                  "type": "string"
                },
                "nullable": true
              }
            ]
          }
        ],
        "relationshipTypes": [],
        "nodeObjectTypes": [
          {
            "$id": "n:1",
            "labels": [
              {
                "$ref": "#nl:1"
              }
            ]
          }
        ],
        "relationshipObjectTypes": [],
        "constraints": [
          {
            "$id": "c:1",
            "name": "movieId_Movie_uniq",
            "constraintType": "uniqueness",
            "entityType": "node",
            "nodeLabel": {
              "$ref": "#nl:1"
            },
            "properties": [
              {
                "$ref": "#p:10"
              }
            ]
          }
        ],
        "indexes": [
          {
            "$id": "i:1",
            "name": "movieId_Movie_uniq",
            "indexType": "default",
            "entityType": "node",
            "nodeLabel": {
              "$ref": "#nl:1"
            },
            "properties": [
              {
                "$ref": "#p:10"
              }
            ]
          }
        ]
      }
    },
    "graphSchemaExtensionsRepresentation": {
      "nodeKeyProperties": [
        {
          "node": {
            "$ref": "#n:1"
          },
          "keyProperty": {
            "$ref": "#p:10"
          }
        }
      ]
    },
    "graphMappingRepresentation": {
      "dataSourceSchema": {
        "type": "local",
        "tableSchemas": [
          {
            "name": "movies.csv",
            "expanded": true,
            "fields": [
              {
                "name": "movieId",
                "sample": "1",
                "recommendedType": {
                  "type": "integer"
                }
              },
              {
                "name": "title",
                "sample": "Toy Story",
                "recommendedType": {
                  "type": "string"
                }
              },
              {
                "name": "budget",
                "sample": "30000000.0",
                "recommendedType": {
                  "type": "float"
                }
              },
              {
                "name": "countries",
                "sample": "USA",
                "recommendedType": {
                  "type": "string"
                }
              },
              {
                "name": "movie_imdbId",
                "sample": "114709",
                "recommendedType": {
                  "type": "integer"
                }
              },
              {
                "name": "imdbRating",
                "sample": "8.3",
                "recommendedType": {
                  "type": "float"
                }
              },
              {
                "name": "imdbVotes",
                "sample": "591836",
                "recommendedType": {
                  "type": "integer"
                }
              },
              {
                "name": "languages",
                "sample": "English",
                "recommendedType": {
                  "type": "string"
                }
              },
              {
                "name": "plot",
                "sample": "A cowboy doll is profoundly threatened and jealous when a new spaceman figure supplants him as top t...",
                "recommendedType": {
                  "type": "string"
                }
              },
              {
                "name": "movie_poster",
                "sample": "https://image.tmdb.org/t/p/w440_and_h660_face/uXDfjJbdP4ijW5hWSBrPrlKpxab.jpg",
                "recommendedType": {
                  "type": "string"
                }
              },
              {
                "name": "released",
                "sample": "1995-11-22",
                "recommendedType": {
                  "type": "datetime"
                }
              },
              {
                "name": "revenue",
                "sample": "373554033.0",
                "recommendedType": {
                  "type": "float"
                }
              },
              {
                "name": "runtime",
                "sample": "81",
                "recommendedType": {
                  "type": "integer"
                }
              },
              {
                "name": "movie_tmdbId",
                "sample": "862",
                "recommendedType": {
                  "type": "integer"
                }
              },
              {
                "name": "movie_url",
                "sample": "https://themoviedb.org/movie/862",
                "recommendedType": {
                  "type": "string"
                }
              },
              {
                "name": "year",
                "sample": "1995",
                "recommendedType": {
                  "type": "integer"
                }
              },
              {
                "name": "genres",
                "sample": "Adventure|Animation|Children|Comedy|Fantasy",
                "recommendedType": {
                  "type": "string"
                }
              }
            ]
          }
        ]
      },
      "nodeMappings": [
        {
          "node": {
            "$ref": "#n:1"
          },
          "tableName": "movies.csv",
          "propertyMappings": [
            {
              "fieldName": "movieId",
              "property": {
                "$ref": "#p:10"
              }
            },
            {
              "fieldName": "title",
              "property": {
                "$ref": "#p:11"
              }
            },
            {
              "fieldName": "budget",
              "property": {
                "$ref": "#p:12"
              }
            },
            {
              "fieldName": "countries",
              "property": {
                "$ref": "#p:13"
              }
            },
            {
              "fieldName": "movie_imdbId",
              "property": {
                "$ref": "#p:14"
              }
            },
            {
              "fieldName": "imdbRating",
              "property": {
                "$ref": "#p:15"
              }
            },
            {
              "fieldName": "imdbVotes",
              "property": {
                "$ref": "#p:16"
              }
            },
            {
              "fieldName": "languages",
              "property": {
                "$ref": "#p:17"
              }
            },
            {
              "fieldName": "plot",
              "property": {
                "$ref": "#p:18"
              }
            },
            {
              "fieldName": "movie_poster",
              "property": {
                "$ref": "#p:19"
              }
            },
            {
              "fieldName": "released",
              "property": {
                "$ref": "#p:20"
              }
            },
            {
              "fieldName": "revenue",
              "property": {
                "$ref": "#p:21"
              }
            },
            {
              "fieldName": "runtime",
              "property": {
                "$ref": "#p:22"
              }
            },
            {
              "fieldName": "movie_tmdbId",
              "property": {
                "$ref": "#p:23"
              }
            },
            {
              "fieldName": "movie_url",
              "property": {
                "$ref": "#p:24"
              }
            },
            {
              "fieldName": "year",
              "property": {
                "$ref": "#p:25"
              }
            },
            {
              "fieldName": "genres",
              "property": {
                "$ref": "#p:26"
              }
            }
          ]
        }
      ],
      "relationshipMappings": []
    },
    "configurations": {
      "idsToIgnore": []
    }
  }
}